{
  "project_info": {
    "project_number": "957763667800",
    "firebase_url": "https://whatsapp-6ed9c.firebaseio.com",
    "project_id": "whatsapp-6ed9c",
    "storage_bucket": "whatsapp-6ed9c.appspot.com"
  },
  "client": [
    {
      "client_info": {
        "mobilesdk_app_id": "1:957763667800:android:1a488a1efb38f3f0",
        "android_client_info": {
          "package_name": "com.example.whatsapp"
        }
      },
      "oauth_client": [
        {
          "client_id": "957763667800-do8nqf9jjqoesdrd09u9p3v6flusfveb.apps.googleusercontent.com",
          "client_type": 3
        }
      ],
      "api_key": [
        {
          "current_key": "AIzaSyBKCaTyZHc-Py71kwg6zHjHPAppTeJfkvw"
        }
      ],
      "services": {
        "appinvite_service": {
          "other_platform_oauth_client": [
            {
              "client_id": "957763667800-do8nqf9jjqoesdrd09u9p3v6flusfveb.apps.googleusercontent.com",
              "client_type": 3
            }
          ]
        }
      }
    }
  ],
  "configuration_version": "1"
}